Gene,chr,pos,REF,HET,VAR,lethal,additive,recessive,dominant,numVariant,variant,Semidominance,NMISS,TDT
Bag2,1,33746978,48,28,4,0.630186175229028,0.694743612732365,0.1844224017054,0.910901777386972,1,33746978,0,0,NA
Dst,1,34271413,77,3,0,0.392695903778076,0.524962730626784,1,0.524962730626784,1,34271413,NA,0,NA
Tgfbrap1,1,43059129,74,3,3,0.98875218629837,0.193256150978611,0.207604619532612,0.248698889202267,1,43059129,0.304270603913834,0,NA
Slc40a1,1,45912491,76,2,2,0.975511961049051,0.196198937664946,0.15845474687604,0.298633545682268,1,45912491,0.0461149029058309,0,NA
Als2,1,59215565,76,2,2,0.975511961049051,0.196198937664946,0.15845474687604,0.298633545682268,1,59215565,0.0461149029058309,0,NA
Crygf,1,65927997,78,2,0,0.392695903778076,0.511513405811449,1,0.511513405811449,1,65927997,NA,0,NA
Ankar,1,72656221,73,6,1,0.4449462890625,0.248202519089343,0.697123085185286,0.218305970923677,1,72656221,1,0,NA
Atg16l1,1,87781699,72,7,1,0.4449462890625,0.30835923324172,0.697123085185286,0.292331567352313,1,87781699,0.918759012639723,0,NA
Epb4.1l5,1,119623958,76,4,0,0.343608915805817,0.880510124416392,1,0.880510124416392,1,119623958,NA,0,NA
Cdk18,1,132118872,76,4,0,0.343608915805817,0.880510124416392,1,0.880510124416392,1,132118872,NA,0,NA
5730559C18Rik,1,136227618,79,1,0,0.392695903778076,0.39647457711624,1,0.39647457711624,1,136227618,NA,0,NA
Ptprc,1,138073610,79,1,0,0.392695903778076,0.39647457711624,1,0.39647457711624,1,138073610,NA,0,NA
Lamc2,1,153143876,72,6,2,0.525592803955078,0.323710841044603,0.71547398628321,0.263379960356499,1,153143876,1,0,NA
Prrx1,1,163248405,77,3,0,0.343608915805817,0.768303231360423,1,0.768303231360423,1,163248405,NA,0,NA
Copa,1,172112137,53,24,3,0.225156047664314,0.294726747567032,0.440285035369761,0.12107067125354,1,172112137,0,0,NA
Plxna2,1,194751386,51,27,2,0.111344774744794,0.434435123320759,0.973800213132431,0.389100016846689,1,194751386,1,0,NA
Frmd4a,2,4572387,79,1,0,0.98875218629837,0.481477717277796,1,0.481477717277796,1,4572387,NA,0,NA
Cacna1b,2,24659003,76,4,0,0.771671693102689,0.221665451471631,1,0.221665451471631,1,24659003,NA,0,NA
Tprn,2,25264321,55,23,2,0.600677490234375,0.282293688703992,0.000193572786509201,0.99591598633671,1,25264321,0,0,NA
Npdc1,2,25408009,69,1,0,0.669921875,0.236508686412422,1,0.236508686412422,1,25408009,NA,10,NA
1700026L06Rik,2,28693660,76,4,0,0.771671693102689,0.221665451471631,1,0.221665451471631,1,28693660,NA,0,NA
Gm13547,2,29761584,76,4,0,0.392695903778076,0.661779467709767,1,0.661779467709767,1,29761584,NA,0,NA
Hmcn2,2,31415236,57,21,2,0.455200910568237,0.308855149112328,0.00521346177650865,0.83151336916669,1,31415236,0,0,NA
Prrc2b,2,32229255,69,6,5,0.990005493164063,0.38975774282614,0.511718871175235,0.385557201091281,1,32229255,0.758747876907812,0,NA
Cdk9,2,32709824,76,4,0,0.343608915805817,0.682721288287146,1,0.682721288287146,1,32709824,NA,0,NA
Ttn,2,76763227,64,11,5,0.75640869140625,0.721199861621526,0.851732240263074,0.697358571466441,1,76763227,1,0,NA
Tnks1bp1,2,85062630,72,7,1,0.533935546875,0.501072107748419,0.608021466409244,0.324969360730295,1,85062630,0,0,NA
Olfr1120,2,87357682,77,3,0,0.343608915805817,0.276816749998057,1,0.276816749998057,1,87357682,NA,0,NA
Olfr1212,2,88959043,54,20,6,0.470830904999427,0.704525814344499,0.267753047686551,0.907443177809606,1,88959043,0,0,NA
Olfr1240,2,89440138,74,3,3,0.98875218629837,0.419455526387015,0.818859768570825,0.265624542739381,1,89440138,1,0,NA
Tcp11l1,2,104697505,76,4,0,0.253356448418344,0.337701010222718,1,0.337701010222718,1,104697505,NA,0,NA
Kcna4,2,107295582,71,5,4,0.793961897492409,0.273613253305047,0.333301881436776,0.309029297107184,1,107295582,0.449171280980079,0,NA
Olfr1303,2,111814711,77,3,0,0.343608915805817,0.276816749998057,1,0.276816749998057,1,111814711,NA,0,NA
Plcb2,2,118717240,76,4,0,0.253356448418344,0.337701010222718,1,0.337701010222718,1,118717240,NA,0,NA
Mga,2,119935422,50,26,4,0.158316330011462,0.460202032141182,0.496208911162282,0.556227356068909,1,119935422,0.256749142952868,0,NA
Tmem87a,2,120359542,76,4,0,0.392695903778076,0.793745418596877,1,0.793745418596877,1,120359542,NA,0,NA
Cdan1,2,120726045,71,5,4,0.793961897492409,0.273613253305047,0.333301881436776,0.309029297107184,1,120726045,0.449171280980079,0,NA
Ttbk2,2,120777581,76,4,0,0.253356448418344,0.337701010222718,1,0.337701010222718,1,120777581,NA,0,NA
Shf,2,122368635,74,3,3,0.98875218629837,0.419455526387015,0.818859768570825,0.265624542739381,1,122368635,1,0,NA
Ap4e1,2,127049280,76,4,0,0.392695903778076,0.793745418596877,1,0.793745418596877,1,127049280,NA,0,NA
Plcb1,2,135294911,75,4,1,0.736304819583893,0.14201899673037,0.114429705448706,0.255597122975835,1,135294911,0.163941884421092,0,NA
Tm9sf4,2,153187365,74,6,0,1,0.517626284648033,1,0.517626284648033,1,153187365,NA,0,NA
Plagl2,2,153236053,75,3,2,0.932652771472931,0.453666561057089,0.937392315717712,0.285747424970163,1,153236053,1,0,NA
Gm1332,2,157095305,77,3,0,0.0611550047906349,0.421816200216759,1,0.421816200216759,1,157095305,NA,0,NA
Plcg1,2,160753363,73,7,0,1,0.341044636048949,1,0.341044636048949,1,160753363,NA,0,NA
Ocstamp,2,165397852,74,4,2,0.932652771472931,0.499640355476539,0.918440446400229,0.37070716894495,1,165397852,1,0,NA
Znfx1,2,167047654,73,7,0,1,0.233882179174789,1,0.233882179174789,1,167047654,NA,0,NA
Myt1,2,181782615,73,7,0,1,0.33364038310422,1,0.33364038310422,1,181782615,NA,0,NA
Car3,3,14866804,75,5,0,0.343608915805817,0.261708523940234,1,0.261708523940234,1,14866804,NA,0,NA
Cp,3,19971082,75,5,0,0.392695903778076,0.787693978016102,1,0.787693978016102,1,19971082,NA,0,NA
Cpa3,3,20225194,77,1,2,0.953690052032471,0.419948018168729,0.496560918688999,0.401804857363679,1,20225194,0.980249021492172,0,NA
Anxa5,3,36460488,76,4,0,0.932652771472931,0.823875343448884,1,0.823875343448884,1,36460488,NA,0,NA
Med12l,3,59037702,76,4,0,0.343608915805817,0.299877823525896,1,0.299877823525896,1,59037702,NA,0,NA
Lxn,3,67461002,57,23,0,0.0178179480135441,0.824450972555068,1,0.824450972555068,1,67461002,NA,0,NA
Smc4,3,69022461,57,23,0,0.0178179480135441,0.824450972555068,1,0.824450972555068,1,69022461,NA,0,NA
Sh3d19,3,86114906,76,4,0,0.343608915805817,0.299877823525896,1,0.299877823525896,1,86114906,NA,0,NA
Gpr89,3,96897324,74,5,1,0.73828125,0.185340462582747,0.221151436350988,0.270403650121598,1,96897324,0.241765775326144,0,NA
Hsd3b5,3,98619404,77,3,0,0.343608915805817,0.782901100213141,1,0.782901100213141,1,98619404,NA,0,NA
Rbm15,3,107330938,76,3,1,0.98875218629837,0.213240057564136,0.274698688373829,0.275887806867751,1,107330938,0.336107574742518,0,NA
Sort1,3,108348630,77,2,1,0.736304819583893,0.58535458053334,0.393976905393648,0.782901100213141,1,108348630,0,0,NA
D3Bwg0562e,3,117323091,75,4,1,0.98875218629837,0.122772947086224,0.274698688373829,0.147337973830001,1,117323091,0.48638770410414,0,NA
Ccdc109b,3,129918726,79,1,0,0.392695903778076,0.39647457711624,1,0.39647457711624,1,129918726,NA,0,NA
Cenpe,3,135246586,77,2,1,0.736304819583893,0.410146238125387,0.393976905393648,0.50423240907004,1,135246586,0.186539737924934,0,NA
Ptgfr,3,151835202,78,1,1,0.736304819583893,0.47690888099389,0.393976905393648,0.601746180015326,1,151835202,0,0,NA
Msh4,3,153896895,78,2,0,0.392695903778076,0.475301105793461,1,0.475301105793461,1,153896895,NA,0,NA
Epha7,4,28821104,75,4,1,0.785391807556152,0.690640542936673,0.78398307455507,0.524351366685029,1,28821104,0,0,NA
Nol6,4,41121115,76,4,0,0.392695903778076,0.976388561141215,1,0.976388561141215,1,41121115,NA,0,NA
Gba2,4,43570424,73,6,1,0.244025230407715,0.173292661189743,0.221151436350988,0.253882274128844,1,43570424,0.242959771669331,0,NA
Anks6,4,47033167,76,3,1,0.785391807556152,0.594012597279105,0.870193159078632,0.532372674108869,1,47033167,1,0,NA
Acnat1,4,49451003,44,29,7,0.289705842157741,0.678629277180916,0.206981481422161,0.864213020270663,1,49451003,0,0,NA
Tnc,4,64008734,71,8,1,0.126705408096313,0.185901574909451,0.221151436350988,0.276363455226142,1,64008734,0.205039839989728,0,NA
Bnc2,4,84293196,74,6,0,1,0.491203554826629,1,0.491203554826629,1,84293196,NA,0,NA
Adamtsl1,4,86418552,47,27,6,0.277871665382203,0.506750114476673,0.387609560942625,0.695265725642011,1,86418552,0.0674323404977481,0,NA
Rraga,4,86576217,78,2,0,0.343608915805817,0.937392315717712,1,0.937392315717712,1,86576217,NA,0,NA
Cyp2j6,4,96526023,77,2,1,0.932652771472931,0.0745126645091486,0.274698688373829,0.0594870460868288,1,96526023,0.976072849153664,0,NA
Inadl,4,98568987,70,6,4,0.98875218629837,0.0293593719965592,0.0447339599638587,0.0541145720073683,1,98568987,0.356807604120408,0,NA
Wdr78,4,103072857,73,4,3,0.98875218629837,0.166710350537424,0.0970002666372686,0.326105453888627,1,103072857,0,0,NA
C8b,4,104793380,45,26,9,0.736659037498346,0.479423083179402,0.502025317683445,0.579498591205935,1,104793380,0.291252668241736,0,NA
C8a,4,104856492,78,2,0,0.392695903778076,0.901951406972513,1,0.901951406972513,1,104856492,NA,0,NA
Urod,4,116991276,74,6,0,1,0.269033931510465,1,0.269033931510465,1,116991276,NA,0,NA
Rnf19b,4,129073551,77,3,0,0.392695903778076,0.669043084605774,1,0.669043084605774,1,129073551,NA,0,NA
Snrnp40,4,130362658,34,39,7,0.0493835126475735,0.000200754915536784,9.43122768644614e-12,0.247806835972935,1,130362658,0,0,NA
Pum1,4,130728104,77,3,0,0.392695903778076,0.669043084605774,1,0.669043084605774,1,130728104,NA,0,NA
Mfn2,4,147885526,74,4,2,0.975511961049051,0.400484182790423,0.766777483796213,0.307227414740146,1,147885526,1,0,NA
Dvl1,4,155854775,74,6,0,0.343608915805817,0.263296748650313,1,0.263296748650313,1,155854775,NA,0,NA
Tnfrsf18,4,156026529,74,5,1,0.736304819583893,0.384068079051771,0.910226139732622,0.263296748650313,1,156026529,0,0,NA
Ankib1,5,3772529,75,5,0,0.392695903778076,0.558690393435371,1,0.558690393435371,1,3772529,NA,0,NA
Pclo,5,14669656,76,4,0,0.343608915805817,0.424199199219707,1,0.424199199219707,1,14669656,NA,0,NA
Pion,5,21253951,76,4,0,0.343608915805817,0.424199199219707,1,0.424199199219707,1,21253951,NA,0,NA
4930548H24Rik,5,31485968,72,6,2,0.75640869140625,0.0977102195599424,0.201903683570632,0.121059894284781,1,31485968,0.476558237940233,0,NA
Slbp,5,33645489,72,6,2,0.75640869140625,0.0977102195599424,0.201903683570632,0.121059894284781,1,33645489,0.476558237940233,0,NA
Add1,5,34605853,77,3,0,0.343608915805817,0.999208601727719,1,0.999208601727719,1,34605853,NA,0,NA
Sorcs2,5,36065433,77,3,0,0.343608915805817,0.999208601727719,1,0.999208601727719,1,36065433,NA,0,NA
Cc2d2a,5,43730029,77,3,0,0.343608915805817,0.999208601727719,1,0.999208601727719,1,43730029,NA,0,NA
Tapt1,5,44177106,74,4,2,0.932652771472931,0.304811466262538,0.886989744294188,0.170495726708858,1,44177106,1,0,NA
Anapc4,5,52845419,77,3,0,0.343608915805817,0.999208601727719,1,0.999208601727719,1,52845419,NA,0,NA
G6pd2,5,61810171,76,2,2,0.953690052032471,0.512073945087884,0.511513405811449,0.568711814187381,1,61810171,0.240391212706103,0,NA
Phox2b,5,67096214,76,2,2,0.953690052032471,0.512073945087884,0.511513405811449,0.568711814187381,1,67096214,0.240391212706103,0,NA
Guf1,5,69558580,76,3,1,0.736304819583893,0.749107732514957,0.707154788901976,0.815294467544798,1,69558580,0.0966705534116857,0,NA
Ugt2b34,5,86893732,75,5,0,0.343608915805817,0.275535326881453,1,0.275535326881453,1,86893732,NA,0,NA
Ugt2b5,5,87137365,36,33,11,0.72650621152923,0.247287051402961,0.147653145665213,0.529990946526735,1,87137365,0.0629673513979761,0,NA
Slc4a4,5,89129641,76,2,2,0.953690052032471,0.512073945087884,0.511513405811449,0.568711814187381,1,89129641,0.240391212706103,0,NA
Ptpn13,5,103489765,50,24,6,0.825124116017832,0.0257330877156156,0.00507620602838917,0.16381909185541,1,103489765,0.0838595962101259,0,NA
Pptc7,5,122313591,77,1,2,0.953690052032471,0.436174671093269,0.511513405811449,0.416931218505862,1,122313591,1,0,NA
Pitpnm2,5,124140517,49,27,4,0.465424290494411,0.236510151364029,0.969682283794821,0.156810303179416,1,124140517,1,0,NA
Rimbp2,5,128803861,75,4,1,0.771671693102689,0.445217782624708,0.274698688373829,0.639296389461425,1,128803861,0,0,NA
Cct6a,5,129791570,69,8,3,0.584252715110779,0.286361334552504,0.418503048717177,0.321902854823449,1,129791570,0.491278770823239,0,NA
Gtf2ird2,5,134211242,54,23,3,0.584252715110779,0.483042009940413,0.976357528163374,0.4136484173103,1,134211242,1,0,NA
Gtf2i,5,134261837,69,7,4,0.793961897492409,0.380321223403311,0.658202865825326,0.321902854823449,1,134261837,1,0,NA
Cldn13,5,134914747,75,4,1,0.785391807556152,0.730795042639638,0.78398307455507,0.573478245657711,1,134914747,0,0,NA
Fis1,5,136962194,69,7,4,0.793961897492409,0.380321223403311,0.658202865825326,0.321902854823449,1,136962194,1,0,NA
Cnpy4,5,138192577,54,23,3,0.584252715110779,0.483042009940413,0.976357528163374,0.4136484173103,1,138192577,1,0,NA
Sun1,5,139226699,76,4,0,0.343608915805817,0.915975292766907,1,0.915975292766907,1,139226699,NA,0,NA
Gna12,5,140760883,54,23,3,0.584252715110779,0.596193550802851,0.976357528163374,0.539406574995366,1,140760883,1,0,NA
Tecpr1,5,144207476,76,4,0,0.932652771472931,0.915975292766907,1,0.915975292766907,1,144207476,NA,0,NA
Trrap,5,144816339,76,4,0,0.932652771472931,0.915975292766907,1,0.915975292766907,1,144816339,NA,0,NA
Cyp3a11,5,145862452,76,4,0,0.932652771472931,0.915975292766907,1,0.915975292766907,1,145862452,NA,0,NA
Asb15,6,24566164,73,6,1,0.244025230407715,0.78752420625431,0.608021466409244,0.596452437626817,1,24566164,0,0,NA
Rbm28,6,29158928,75,5,0,0.253356448418344,0.671515956463575,1,0.671515956463575,1,29158928,NA,0,NA
Zc3hc1,6,30372790,75,5,0,0.253356448418344,0.671515956463575,1,0.671515956463575,1,30372790,NA,0,NA
Mkln1,6,31478018,75,5,0,0.253356448418344,0.671515956463575,1,0.671515956463575,1,31478018,NA,0,NA
Olfr450,6,42818292,74,6,0,0.530010041518835,0.395005633700275,1,0.395005633700275,1,42818292,NA,0,NA
Vmn1r33,6,66612137,74,6,0,0.343608915805817,0.351758844677071,1,0.351758844677071,1,66612137,NA,0,NA
Mgll,6,88725817,75,5,0,0.343608915805817,0.408077816421727,1,0.408077816421727,1,88725817,NA,0,NA
Hspbp1,7,4684432,55,19,6,0.785781947601208,0.104667653974861,0.723497463693856,0.0464808797222201,1,4684432,1,0,NA
6330408A02Rik,7,13261026,55,19,6,0.785781947601208,0.0920690209852017,0.723497463693856,0.0379493104481258,1,13261026,1,0,NA
Ceacam5,7,17714963,73,5,2,0.932652771472931,0.280161336198243,0.57942865019484,0.239257432427758,1,17714963,1,0,NA
Zfp93,7,24275861,78,0,2,0.914762914224411,0.121138611359264,0.121138611359264,0.121138611359264,1,24275861,NA,0,NA
Cyp2s1,7,25809258,73,4,3,0.775875091552734,0.459227653072024,0.842017309169587,0.320536482302066,1,25809258,1,0,NA
Cyp2t4,7,27158246,75,3,2,0.953690052032471,0.809933011299481,0.857168315598867,0.809568535009693,1,27158246,0.718723752409752,0,NA
BC024978,7,27202647,70,10,0,0.421875,0.203731466219865,1,0.203731466219865,1,27202647,NA,0,NA
Pld3,7,27539575,76,4,0,0.343608915805817,0.619197301689095,1,0.619197301689095,1,27539575,NA,0,NA
Ggn,7,29173022,78,1,1,0.771671693102689,0.14388175538336,0.282487241765817,0.121138611359264,1,29173022,1,0,NA
Sipa1l3,7,29387251,76,4,0,0.343608915805817,0.619197301689095,1,0.619197301689095,1,29387251,NA,0,NA
Atp4a,7,30718999,74,4,2,0.932652771472931,0.514289023983112,0.57942865019484,0.548305221115277,1,30718999,0.436699301474651,0,NA
Abpa,7,34021897,78,1,1,0.771671693102689,0.14388175538336,0.282487241765817,0.121138611359264,1,34021897,1,0,NA
Vmn2r59,7,42058884,77,3,0,0.392695903778076,0.381574588619885,1,0.381574588619885,1,42058884,NA,0,NA
Gm2381,7,42820080,73,4,3,0.775875091552734,0.273777031985232,0.225337038588581,0.398665037512478,1,42820080,0.0413875553079275,0,NA
Vsig10l,7,43464137,75,2,3,0.99376106262207,0.890221829851893,0.989241033082532,0.809568535009693,1,43464137,1,0,NA
Klk1b9,7,43979372,75,2,3,0.99376106262207,0.890221829851893,0.989241033082532,0.809568535009693,1,43979372,1,0,NA
Kcna7,7,45409690,74,4,2,0.932652771472931,0.651732768908921,0.937392315717712,0.548305221115277,1,45409690,1,0,NA
Mrgprx2,7,48482918,71,9,0,0.421875,0.49869893127412,1,0.49869893127412,1,48482918,NA,0,NA
Herc2,7,56113210,71,9,0,0.421875,0.49869893127412,1,0.49869893127412,1,56113210,NA,0,NA
Fan1,7,64363199,75,2,3,0.99376106262207,0.890221829851893,0.989241033082532,0.809568535009693,1,64363199,1,0,NA
Apba2,7,64714515,74,4,2,0.932652771472931,0.651732768908921,0.937392315717712,0.548305221115277,1,64714515,1,0,NA
Lrrk1,7,66292336,72,5,3,0.775875091552734,0.284899579293875,0.270639576160239,0.385816723356709,1,66292336,0.157162704342834,0,NA
Lrrc28,7,67618085,71,9,0,0.421875,0.49869893127412,1,0.49869893127412,1,67618085,NA,0,NA
Igf1r,7,68165155,77,2,1,0.785391807556152,0.418057622685798,0.642274083592861,0.381574588619885,1,68165155,1,0,NA
Iqgap1,7,80723879,72,5,3,0.775875091552734,0.173642777763331,0.270639576160239,0.195317149665441,1,80723879,0.52980932959514,0,NA
Ap3b2,7,81464629,53,18,9,0.970491086521519,0.485498193572835,0.865765090211894,0.258639579264913,1,81464629,1,0,NA
Odz4,7,96774020,75,3,2,0.932652771472931,0.824613173018458,0.906287087141117,0.798477436833845,1,96774020,1,0,NA
Myo7a,7,98112150,76,3,1,0.785391807556152,0.933732422597,0.78398307455507,0.976388561141215,1,98112150,0,0,NA
Kcne3,7,100184439,76,3,1,0.785391807556152,0.933732422597,0.78398307455507,0.976388561141215,1,100184439,0,0,NA
Art5,7,102097957,76,2,2,0.953690052032471,0.343923747182021,0.346766310070716,0.411712573212414,1,102097957,0.233071829147477,0,NA
Nup98,7,102152453,73,4,3,0.775875091552734,0.475588620941714,0.839034801299441,0.33899258835941,1,102152453,1,0,NA
Olfr652,7,104564337,76,2,2,0.953690052032471,0.343923747182021,0.346766310070716,0.411712573212414,1,104564337,0.233071829147477,0,NA
Olfr672,7,104996703,76,2,2,0.953690052032471,0.343923747182021,0.346766310070716,0.411712573212414,1,104996703,0.233071829147477,0,NA
Olfr470,7,107845116,74,5,1,0.736304819583893,0.377307640775195,0.707154788901976,0.353812717157834,1,107845116,0.991740500662359,0,NA
Olfr494,7,108367789,73,7,0,0.421875,0.471734836777197,1,0.471734836777197,1,108367789,NA,0,NA
Olfr502,7,108523082,72,5,3,0.775875091552734,0.35924789771176,0.839034801299441,0.221667595458801,1,108523082,1,0,NA
Trim66,7,109460695,55,19,6,0.92044274811633,0.435656343927989,0.802271277583763,0.2355864022675,1,109460695,0,0,NA
Pik3c2a,7,116346247,73,7,0,0.421875,0.471734836777197,1,0.471734836777197,1,116346247,NA,0,NA
Dnahc3,7,119967905,75,4,1,0.785391807556152,0.818598496434893,0.78398307455507,0.676449980060127,1,119967905,0,0,NA
Spn,7,127136208,75,3,2,0.932652771472931,0.189122162562477,0.161772865590505,0.287706812035802,1,127136208,0.16225521450478,0,NA
Dctpp1,7,127257193,75,3,2,0.932652771472931,0.189122162562477,0.161772865590505,0.287706812035802,1,127257193,0.16225521450478,0,NA
Prr14,7,127476643,76,4,0,0.932652771472931,0.275887806867751,1,0.275887806867751,1,127476643,NA,0,NA
Tacc2,7,130577509,69,7,4,0.932652771472931,0.558718211739881,0.475645125475782,0.686744686044046,1,130577509,0.00498413253976825,0,NA
E030019B06Rik,7,139605655,67,12,1,0.533935546875,0.29918951583407,0.770025680717595,0.211688640164431,1,139605655,0,0,NA
Lrrc56,7,141206453,74,4,2,0.932652771472931,0.165789706800104,0.161772865590505,0.248698889202267,1,141206453,0.237510238696642,0,NA
Lrdd,7,141440813,68,11,1,0.533935546875,0.413893252846359,0.770025680717595,0.310486770119189,1,141440813,0,0,NA
Defb34,8,19123768,76,2,2,0.932652771472931,0.635424003567439,0.674444709550022,0.653109457613646,1,19123768,0.513654333424891,0,NA
Slc7a2,8,40908531,76,2,2,0.932652771472931,0.635424003567439,0.674444709550022,0.653109457613646,1,40908531,0.513654333424891,0,NA
Fat1,8,45051168,74,4,2,0.932652771472931,0.392793962132395,0.661576653159122,0.339781576464765,1,45051168,1,0,NA
Sugp1,8,70052638,73,4,3,0.771671693102689,0.566344729404345,0.595589512365161,0.607062479961519,1,70052638,0.371707153169708,0,NA
Olfr372,8,72058162,75,3,2,0.932652771472931,0.569877772261974,0.674444709550022,0.565735798381649,1,72058162,0.757701403295952,0,NA
Arhgap10,8,77450824,73,4,3,0.771671693102689,0.566344729404345,0.595589512365161,0.607062479961519,1,77450824,0.371707153169708,0,NA
Usp38,8,81014150,76,4,0,0.392695903778076,0.532372674108869,1,0.532372674108869,1,81014150,NA,0,NA
Slc6a2,8,92992801,77,3,0,0.392695903778076,0.538884587715354,1,0.538884587715354,1,92992801,NA,0,NA
Gpr114,8,94934157,72,8,0,0.421875,0.0992212983888373,1,0.0992212983888373,1,94934157,NA,0,NA
Fam65a,8,105618114,71,5,4,0.921873092651367,0.603505992727481,0.987923083809101,0.416075677249916,1,105618114,1,0,NA
Pkd1l3,8,109623649,71,8,1,0.244025230407715,0.503265716047964,0.916957725310973,0.416075677249916,1,109623649,0,0,NA
Osgin1,8,119445472,71,4,5,0.98027229309082,0.575205052160559,0.887701344303604,0.416075677249916,1,119445472,1,0,NA
1300018I17Rik,8,123246748,56,23,1,0.0634764397982508,0.709279665941349,0.944835036127189,0.678340096642186,1,123246748,0,0,NA
Mmp13,9,7274032,67,10,3,0.392695903778076,0.838320314803436,0.85756935405225,0.859963399782294,1,7274032,0.30521412061478,0,NA
Prkcsh,9,22010251,76,2,2,0.530010041518835,0.873504156398126,0.83616902343708,0.915975292766907,1,22010251,0,0,NA
Igsf9b,9,27334582,76,2,2,0.530010041518835,0.873504156398126,0.83616902343708,0.915975292766907,1,27334582,0,0,NA
Pus3,9,35566422,75,3,2,0.975511961049051,0.626644299501083,0.83616902343708,0.553371703090355,1,35566422,1,0,NA
CT025680.2,9,39046700,68,9,3,0.775875091552734,0.318625564024396,0.818601778731649,0.229269549564824,1,39046700,1,0,NA
Dscaml1,9,45732134,77,3,0,0.392695903778076,0.846615243362494,1,0.846615243362494,1,45732134,NA,0,NA
2010321M09Rik,9,64983990,76,3,1,0.530010041518835,0.646388200757481,0.320005667423316,0.915975292766907,1,64983990,0,0,NA
Rbpms2,9,65651666,43,28,9,0.663967005547416,0.721947562918254,0.518372024444137,0.366814567906404,1,65651666,0,0,NA
C2cd4a,9,67831563,76,2,2,0.953690052032471,0.920457599045433,0.857168315598867,0.976388561141215,1,67831563,0,0,NA
Scg3,9,75669335,69,8,3,0.929443359375,0.420951936004801,0.785873717044183,0.347778019618416,1,75669335,1,0,NA
Col12a1,9,79693494,77,1,2,0.771671693102689,0.772254141271021,0.954797525312266,0.648176798407902,1,79693494,1,0,NA
Ctsh,9,90061582,75,4,1,0.785391807556152,0.820216281008818,0.918721315574596,0.809568535009693,1,90061582,1,0,NA
2610101N10Rik,9,95484443,75,3,2,0.771671693102689,0.883134784019452,0.83616902343708,0.726524719719122,1,95484443,0,0,NA
Nphp3,9,104018274,73,6,1,0.785391807556152,0.427080023369706,0.39647457711624,0.539568742829288,1,104018274,0.159239294020921,0,NA
Camp,9,109848399,73,3,4,0.975511961049051,0.701735566385027,0.875946679429847,0.607062479961519,1,109848399,1,0,NA
Susd5,9,114082535,69,9,2,0.75640869140625,0.193228311215819,0.686914231356007,0.149898192104412,1,114082535,1,0,NA
Acaa1a,9,119347818,74,5,1,0.785391807556152,0.438323541442193,0.39647457711624,0.555065953679803,1,119347818,0.148507775501961,0,NA
Ano10,9,122259595,73,7,0,0.343608915805817,0.61048725638971,1,0.61048725638971,1,122259595,NA,0,NA
H60c,10,3260435,76,4,0,0.343608915805817,0.974668918106539,1,0.974668918106539,1,3260435,NA,0,NA
Lats1,10,7712528,51,25,4,0.158316330011462,0.363768506551254,0.50699776587982,0.424127397915475,1,7712528,0.387269592900644,0,NA
Tab2,10,7919801,77,3,0,0.392695903778076,0.645169673359508,1,0.645169673359508,1,7919801,NA,0,NA
Sgk1,10,21882657,72,5,3,0.775875091552734,0.875997708532843,0.867415861715289,0.733140809860495,1,21882657,0,0,NA
Samd3,10,26244495,76,4,0,0.392695903778076,0.647511079602493,1,0.647511079602493,1,26244495,NA,0,NA
Lama2,10,27015546,75,5,0,0.343608915805817,0.639296389461425,1,0.639296389461425,1,27015546,NA,0,NA
Psap,10,60299566,79,1,0,0.343608915805817,0.834251365009517,1,0.834251365009517,1,60299566,NA,0,NA
Ado,10,67548228,73,5,2,0.932652771472931,0.263606184346128,0.296246386999861,0.336562770676845,1,67548228,0.312194309349098,0,NA
Bcr,10,75145327,74,6,0,0.343608915805817,0.315839724753268,1,0.315839724753268,1,75145327,NA,0,NA
Lrrc3,10,77901585,58,19,3,0.305689170607366,0.929464886251144,0.238455488697329,0.687397974232225,1,77901585,0,0,NA
1810043G02Rik,10,77983038,58,19,3,0.305689170607366,0.929464886251144,0.238455488697329,0.687397974232225,1,77983038,0,0,NA
Apc2,10,80314583,73,6,1,0.736304819583893,0.188668418966609,0.114429705448706,0.336562770676845,1,80314583,0.11442177599244,0,NA
Tcf3,10,80413334,73,6,1,0.736304819583893,0.188668418966609,0.114429705448706,0.336562770676845,1,80413334,0.11442177599244,0,NA
Gm872,10,92885096,73,6,1,0.785391807556152,0.505235442278246,0.642274083592861,0.539568742829288,1,92885096,0.412899185216545,0,NA
Ikzf4,10,128632756,76,4,0,0.343608915805817,0.960965488791113,1,0.960965488791113,1,128632756,NA,0,NA
Ascc2,11,4649855,75,5,0,0.392695903778076,0.447829950848089,1,0.447829950848089,1,4649855,NA,0,NA
Ccdc88a,11,29482749,76,4,0,0.392695903778076,0.445779806053073,1,0.445779806053073,1,29482749,NA,0,NA
Lcp2,11,34082426,76,4,0,0.392695903778076,0.445779806053073,1,0.445779806053073,1,34082426,NA,0,NA
Gabrg2,11,41916315,76,4,0,0.736304819583893,0.334158087942763,1,0.334158087942763,1,41916315,NA,0,NA
Pwwp2a,11,43704672,76,4,0,0.736304819583893,0.334158087942763,1,0.334158087942763,1,43704672,NA,0,NA
Hspa4,11,53262876,56,20,4,0.283212349567194,0.76698084329557,0.18301840723207,0.30924863497441,1,53262876,0,0,NA
Slc36a3,11,55125080,75,5,0,0.392695903778076,0.573478245657711,1,0.573478245657711,1,55125080,NA,0,NA
Spag7,11,70669190,75,5,0,0.736304819583893,0.726696946915342,1,0.726696946915342,1,70669190,NA,0,NA
Atp2a3,11,72982702,75,5,0,0.736304819583893,0.726696946915342,1,0.726696946915342,1,72982702,NA,0,NA
2610507B11Rik,11,78268457,74,4,2,0.932652771472931,0.602107632534948,0.906287087141117,0.502103231313666,1,78268457,1,0,NA
Tex14,11,87520699,74,4,2,0.932652771472931,0.602107632534948,0.906287087141117,0.502103231313666,1,87520699,1,0,NA
Hdac5,11,102205812,76,4,0,0.392695903778076,0.532372674108869,1,0.532372674108869,1,102205812,NA,0,NA
Fam171a2,11,102437881,76,4,0,0.392695903778076,0.532372674108869,1,0.532372674108869,1,102437881,NA,0,NA
Map3k14,11,103242291,73,4,3,0.98875218629837,0.505566317731478,0.738059432571329,0.431581477568111,1,103242291,1,0,NA
Abca9,11,110139620,72,6,2,0.932652771472931,0.392931356763994,0.886989744294188,0.289428137701606,1,110139620,1,0,NA
Dnahc17,11,118067682,75,5,0,0.392695903778076,0.539010136563899,1,0.539010136563899,1,118067682,NA,0,NA
Hexdc,11,121218165,78,2,0,0.343608915805817,0.991044324384315,1,0.991044324384315,1,121218165,NA,0,NA
Akap6,12,52937148,76,3,1,0.785391807556152,0.695624296396889,0.870193159078632,0.663123619904579,1,52937148,1,0,NA
Brms1l,12,55861388,60,20,0,0.0237572640180588,0.947963103753021,1,0.947963103753021,1,55861388,NA,0,NA
Ctage5,12,59136143,77,3,0,0.392695903778076,0.995922650463275,1,0.995922650463275,1,59136143,NA,0,NA
Fkbp3,12,65073918,77,3,0,0.392695903778076,0.995922650463275,1,0.995922650463275,1,65073918,NA,0,NA
4930447C04Rik,12,72910056,74,6,0,0.421875,0.48116148064054,1,0.48116148064054,1,72910056,NA,0,NA
Pcnx,12,81974579,78,1,1,0.736304819583893,0.149841958201415,0.274698688373829,0.133806441835533,1,81974579,0.912131191396036,0,NA
Eml5,12,98865479,74,4,2,0.932652771472931,0.764420738565074,0.926608326652583,0.709929720869833,1,98865479,1,0,NA
Rtl1,12,109592719,74,6,0,0.343608915805817,0.709929720869833,1,0.709929720869833,1,109592719,NA,0,NA
Dync1h1,12,110651747,74,6,0,0.343608915805817,0.709929720869833,1,0.709929720869833,1,110651747,NA,0,NA
Wdr60,12,116248290,74,6,0,0.343608915805817,0.709929720869833,1,0.709929720869833,1,116248290,NA,0,NA
Ncapg2,12,116423215,49,29,2,0.0207419790656728,0.629176280279644,0.344008572949869,0.402580738815445,1,116423215,0,0,NA
Nme8,13,19658036,75,3,2,0.953690052032471,0.538801338142962,0.469032598987776,0.655837001754975,1,19658036,1.09239169536029e-05,0,NA
Hist1h4i,13,22041027,75,3,2,0.953690052032471,0.538801338142962,0.469032598987776,0.655837001754975,1,22041027,1.09239169536029e-05,0,NA
Vmn1r213,13,23011394,72,8,0,1,0.53882454137967,1,0.53882454137967,1,23011394,NA,0,NA
Serpinb6c,13,33880031,76,4,0,0.392695903778076,0.818454358045525,1,0.818454358045525,1,33880031,NA,0,NA
Tmem161b,13,84292383,77,3,0,0.932652771472931,0.648176798407902,1,0.648176798407902,1,84292383,NA,0,NA
Xrcc4,13,89992475,75,4,1,0.736304819583893,0.646601562662921,0.910226139732622,0.525564345266661,1,89992475,0,0,NA
Rasgrf2,13,91972274,75,5,0,0.392695903778076,0.804514688184765,1,0.804514688184765,1,91972274,NA,0,NA
Papd4,13,93154992,59,16,5,0.378278511637607,0.119180685778675,0.00662647466517526,0.54503580139983,1,93154992,0,0,NA
Zfp366,13,99234251,77,3,0,0.343608915805817,0.648176798407902,1,0.648176798407902,1,99234251,NA,0,NA
Depdc1b,13,108323909,71,7,2,0.83056640625,0.628494797676002,0.752228264650456,0.634954539052193,1,108323909,0.58228766461646,0,NA
Flnb,14,7946014,77,3,0,0.932652771472931,0.64838691368656,1,0.64838691368656,1,7946014,NA,0,NA
Slc4a7,14,14794059,74,4,2,0.932652771472931,0.171337483233639,0.161772865590505,0.263296748650313,1,14794059,0.217166713063776,0,NA
Chd8,14,52202304,63,14,3,0.736304819583893,0.546545422078107,0.757797398892412,0.537842142978289,1,52202304,0.729728157181417,0,NA
Msra,14,64210532,75,4,1,0.785391807556152,0.690640542936673,0.78398307455507,0.524351366685029,1,64210532,0,0,NA
Kif13b,14,64757404,74,4,2,0.530010041518835,0.485993574695559,0.954231224867514,0.307227414740146,1,64757404,0,0,NA
Tnfrsf10b,14,69776176,73,6,1,0.300338745117188,0.82989971236211,0.750461297248044,0.696341378589825,1,69776176,0,0,NA
Rhobtb2,14,69796735,74,4,2,0.530010041518835,0.485993574695559,0.954231224867514,0.307227414740146,1,69796735,0,0,NA
Polr3d,14,70439519,51,21,8,0.553251449191385,0.277622477802983,0.29068959986863,0.0282477187484138,1,70439519,0,0,NA
Zfp957,14,79212920,76,4,0,0.392695903778076,0.970641711032609,1,0.970641711032609,1,79212920,NA,0,NA
Trim52,14,106106967,75,5,0,0.392695903778076,0.804514688184765,1,0.804514688184765,1,106106967,NA,0,NA
Nalcn,14,123370032,77,3,0,0.343608915805817,0.811408456835667,1,0.811408456835667,1,123370032,NA,0,NA
Rrm2b,15,37931645,72,5,3,0.98875218629837,0.326396693171038,0.549569590727381,0.289428137701606,1,37931645,1,0,NA
Ubr5,15,38030807,68,6,6,0.975709855556488,0.146017161094788,0.206968289299324,0.166271067496572,1,38030807,0.513386073026565,0,NA
Sybu,15,44673268,75,5,0,1,0.505351928687702,1,0.505351928687702,1,44673268,NA,0,NA
Plec,15,76173411,74,6,0,0.392695903778076,0.541602587601821,1,0.541602587601821,1,76173411,NA,0,NA
Sox10,15,79159386,73,7,0,0.343608915805817,0.431581477568111,1,0.431581477568111,1,79159386,NA,0,NA
Csnk1e,15,79419898,75,5,0,0.343608915805817,0.440191742353388,1,0.440191742353388,1,79419898,NA,0,NA
Tnrc6b,15,80784758,70,5,5,0.919787406921386,0.346523761476597,0.628307030548172,0.256620029164774,1,80784758,1,0,NA
Sbf1,15,89302329,75,4,1,0.736304819583893,0.594693312632905,0.834251365009517,0.440191742353388,1,89302329,0,0,NA
Slc2a13,15,91350012,74,6,0,0.343608915805817,0.351758844677071,1,0.351758844677071,1,91350012,NA,0,NA
Lrrk2,15,91796028,76,4,0,0.392695903778076,0.445779806053073,1,0.445779806053073,1,91796028,NA,0,NA
Adamts20,15,94291713,53,22,5,0.422155201823951,0.695121210111974,0.796216739829615,0.712520143271262,1,94291713,0.534474009787,0,NA
Arid2,15,96402049,72,6,2,0.332601696252823,0.659476555464288,0.868476589334787,0.618195117266149,1,96402049,1,0,NA
Mll2,15,98853581,76,4,0,0.392695903778076,0.445779806053073,1,0.445779806053073,1,98853581,NA,0,NA
Prpf40b,15,99316289,76,4,0,0.392695903778076,0.445779806053073,1,0.445779806053073,1,99316289,NA,0,NA
5430421N21Rik,15,101487040,74,6,0,1,0.323965807356183,1,0.323965807356183,1,101487040,NA,0,NA
Krt71,15,101738070,77,3,0,0.736304819583893,0.549964079677461,1,0.549964079677461,1,101738070,NA,0,NA
Krt18,15,102029485,74,6,0,1,0.323965807356183,1,0.323965807356183,1,102029485,NA,0,NA
Prr13,15,102462215,74,6,0,1,0.323965807356183,1,0.323965807356183,1,102462215,NA,0,NA
Zc3h7a,16,11156202,75,5,0,0.932652771472931,0.715286161252128,1,0.715286161252128,1,11156202,NA,0,NA
Atp13a5,16,29298208,76,4,0,0.392695903778076,0.668475066457047,1,0.668475066457047,1,29298208,NA,0,NA
Ccdc14,16,34721649,76,4,0,0.392695903778076,0.668475066457047,1,0.668475066457047,1,34721649,NA,0,NA
Slc9a10,16,45573356,74,4,2,0.932652771472931,0.622332812218913,0.601746180015326,0.69579164175956,1,45573356,0.162857720747713,0,NA
Gpr128,16,56742589,73,4,3,0.99376106262207,0.690226214801497,0.989241033082532,0.539568742829288,1,56742589,1,0,NA
Pde10a,17,8942965,72,7,1,0.244025230407715,0.316454172630697,0.862532288913099,0.265438451576229,1,8942965,1,0,NA
Syngr3,17,24686581,49,24,7,0.6851541721671,0.0414002900270141,0.00900938371609187,0.22416322511006,1,24686581,0.0582522699004366,0,NA
Tead3,17,28341365,77,3,0,0.253356448418344,0.64838691368656,1,0.64838691368656,1,28341365,NA,0,NA
Hsf2bp,17,32013346,73,6,1,0.785391807556152,0.674870829230755,0.78398307455507,0.539568742829288,1,32013346,0,0,NA
Tnxb,17,34683548,76,4,0,0.343608915805817,0.456089650690204,1,0.456089650690204,1,34683548,NA,0,NA
Tdrd6,17,43628159,72,8,0,0.0563135147094727,0.265438451576229,1,0.265438451576229,1,43628159,NA,0,NA
Efhb,17,53413459,74,4,2,0.953690052032471,0.691360414262527,0.936831585765606,0.541602587601821,1,53413459,0,0,NA
Ranbp3,17,56702896,73,5,2,0.953690052032471,0.677636300599616,0.936831585765606,0.539568742829288,1,56702896,0,0,NA
Ankrd12,17,66053009,76,4,0,0.530010041518835,0.228209533643268,1,0.228209533643268,1,66053009,NA,0,NA
Lama1,17,67752368,73,5,2,0.953690052032471,0.677636300599616,0.936831585765606,0.539568742829288,1,67752368,0,0,NA
L3mbtl4,17,68774291,69,9,2,0.75640869140625,0.177291427791215,0.317389383307252,0.222086003134386,1,68774291,0.405762150874022,0,NA
Birc6,17,74580349,76,4,0,0.343608915805817,0.456089650690204,1,0.456089650690204,1,74580349,NA,0,NA
Nrxn1,17,91088689,77,3,0,0.343608915805817,0.523716238449863,1,0.523716238449863,1,91088689,NA,0,NA
Dsg1c,18,20272346,78,2,0,0.392695903778076,0.469032598987776,1,0.469032598987776,1,20272346,NA,0,NA
Reep2,18,34840771,75,5,0,0.343608915805817,0.184101830290872,1,0.184101830290872,1,34840771,NA,0,NA
Pcdhb22,18,37518727,75,5,0,0.343608915805817,0.184101830290872,1,0.184101830290872,1,37518727,NA,0,NA
Lars,18,42242784,74,5,1,0.736304819583893,0.749830700415247,0.910226139732622,0.658992866989305,1,42242784,0,0,NA
Sema6a,18,47290045,71,8,1,0.126705408096313,0.416535334363204,0.862532288913099,0.379089251270234,1,47290045,1,0,NA
Fbn2,18,58037747,76,4,0,0.392695903778076,0.411712573212414,1,0.411712573212414,1,58037747,NA,0,NA
Synpo,18,60602340,70,10,0,1,0.147876279939976,1,0.147876279939976,1,60602340,NA,0,NA
Pdgfrb,18,61079708,70,10,0,1,0.147876279939976,1,0.147876279939976,1,61079708,NA,0,NA
Afg3l2,18,67415557,70,10,0,1,0.147876279939976,1,0.147876279939976,1,67415557,NA,0,NA
Smad2,18,76299993,77,3,0,0.343608915805817,0.118412035096273,1,0.118412035096273,1,76299993,NA,0,NA
Skor2,18,76876560,71,7,2,0.332601696252823,0.620569648254555,0.929502901776168,0.492876469520284,1,76876560,0,0,NA
Olfr1505,19,13919444,75,4,1,0.736304819583893,0.858268722527713,0.834251365009517,0.747617413795797,1,13919444,0,0,NA
Vldlr,19,27238263,75,4,1,0.736304819583893,0.858268722527713,0.834251365009517,0.747617413795797,1,27238263,0,0,NA
Lipo1,19,33582042,60,19,1,0.300338745117188,0.545637870848616,0.980732183375692,0.509262948239665,1,33582042,1,0,NA
Huwe1,X,151876313,69,8,3,0.584252715110779,0.376996946047767,0.405981436806355,0.459252402478696,1,151876313,0.235981221020268,0,NA
1700020N15Rik,X,69945785,69,5,4,0.885373592376709,0.314725863563574,0.179856847323946,0.543931112794767,1,69945785,0,2,NA
