Gene,chr,pos,REF,HET,VAR,lethal,additive,recessive,dominant,TDT,Penetrance_REF,Penetrance_HET,Penetrance_VAR,Semidominance
Gm4776,1,46029795,17,11,1,0.36937,1,1,1,0.158655253931457,0.059,0,0,NA
Heatr7b1,1,88257802,28,1,0,1,1,1,1,0.158655253931457,0.036,0,NA,NA
Il10,1,131022534,12,17,0,0.17765,1,1,1,0.841344746068543,0,0.059,NA,NA
F13b,1,139508203,12,17,0,0.17686,1,1,1,0.841344746068543,0,0.059,NA,NA
Ndor1,2,25248354,8,15,6,0.3868,1,1,1,0.921350396474858,0.125,0,0,NA
Ttn,2,76897286,8,14,7,0.55584,1,1,1,0.921350396474858,0.125,0,0,NA
Mybpc3,2,91120337,9,14,6,0.38638,1,1,1,1,0.111,0,0,NA
Olfr1303,2,111814354,8,15,6,0.65491,1,1,1,1,0.125,0,0,NA
Trpm7,2,126812771,8,16,5,0.46765,1,1,1,0.0786496035251423,0.125,0,0,NA
Zfp661,2,127578612,7,17,5,0.46788,1,1,1,1,0.143,0,0,NA
Fam113a,2,130421907,7,17,5,0.46921,1,1,1,1,0.143,0,0,NA
Nxt1,2,148675470,9,13,7,0.80286,1,1,1,0.921350396474858,0.111,0,0,NA
Cstl1,2,148755325,9,13,7,0.80407,1,1,1,0.921350396474858,0.111,0,0,NA
Kcnb1,2,167105539,11,11,7,0.55512,1,1,1,0.921350396474858,0.091,0,0,NA
Ptk6,2,181196931,12,10,7,0.55151,1,1,1,0.921350396474858,0.083,0,0,NA
Gm17359,3,79405835,10,12,7,0.55525,1,1,1,0.0786496035251423,0,0,0.143,NA
1700027A23Rik,3,105999570,11,11,7,0.5578,1,1,1,0.0786496035251423,0,0,0.143,NA
Lao1,4,118964202,5,14,10,0.94724,1,1,1,0.921350396474858,0,0.071,0,NA
Fam176b,4,126149653,6,16,7,0.64292,1,1,1,0.921350396474858,0,0.062,0,NA
Adprhl2,4,126318154,6,16,7,0.64334,1,1,1,0.921350396474858,0,0.062,0,NA
Slc25a34,4,141622352,7,18,4,0.15722,1,1,1,1,0,0.056,0,NA
Pus7,5,23778092,13,16,0,0.56242,1,1,1,0.158655253931457,0,0.062,NA,NA
Yes1,5,32684695,9,14,6,0.65181,1,1,1,0.0786496035251423,0,0,0.167,NA
Bmp3,5,98879909,10,13,6,0.65345,1,1,1,0.921350396474858,0.1,0,0,NA
Atp2a2,5,122491715,12,17,0,0.56356,1,1,1,0.841344746068543,0.083,0,NA,NA
Piwil1,5,128747323,13,16,0,0.56127,1,1,1,0.841344746068543,0.077,0,NA,NA
Trip6,5,137312174,15,14,0,1,1,1,1,0.158655253931457,0.067,0,NA,NA
Iqsec1,6,90809758,12,17,0,0.09993,1,1,1,0.841344746068543,0,0.059,NA,NA
Thumpd3,6,113067801,14,15,0,0.10018,1,1,1,0.158655253931457,0,0.067,NA,NA
Cacna2d4,6,119278269,13,16,0,0.56544,1,1,1,0.841344746068543,0,0.062,NA,NA
Cops7a,6,124961360,13,16,0,0.56211,1,1,1,0.841344746068543,0,0.062,NA,NA
Psg19,7,18797017,11,16,2,0.68244,1,1,1,0.841344746068543,0,0.062,0,NA
Gm4884,7,41042963,11,16,2,0.67698,1,1,1,0.841344746068543,0,0.062,0,NA
Tsks,7,44954459,11,16,2,0.67877,1,1,1,0.841344746068543,0,0.062,0,NA
Olfr310,7,86268979,10,17,2,0.6781,1,1,1,0.841344746068543,0,0.059,0,NA
Olfr697,7,106741625,10,17,2,0.83213,1,1,1,0.841344746068543,0,0.059,0,NA
Insc,7,114769002,9,18,2,0.83042,1,1,1,0.841344746068543,0,0.056,0,NA
Smg1,7,118152675,8,19,2,0.829,1,1,1,0.841344746068543,0,0.053,0,NA
Arhgef7,8,11800503,5,17,7,0.55725,1,1,1,1,0,0.059,0,NA
A230072I06Rik,8,12279899,5,17,7,0.55727,1,1,1,1,0,0.059,0,NA
Atp11a,8,12846054,5,17,7,0.55516,1,1,1,1,0,0.059,0,NA
Mtus1,8,41016196,3,20,6,0.38584,1,1,1,1,0,0.05,0,NA
Katnb1,8,95098422,6,18,5,0.56641,1,1,1,1,0,0.056,0,NA
Nup133,8,123929343,14,13,2,1,1,1,1,0.158655253931457,0,0.077,0,NA
Olfr859,9,19808869,3,21,5,0.23129,1,1,1,0.921350396474858,0.333,0,0,NA
Rab6b,9,103140377,15,11,3,0.88652,1,1,1,0.158655253931457,0.067,0,0,NA
Twf2,9,106212956,15,11,3,0.88569,1,1,1,0.158655253931457,0.067,0,0,NA
Ccdc36,9,108412496,15,11,3,0.88433,1,1,1,0.158655253931457,0.067,0,0,NA
Ccdc28a,10,18230440,14,15,0,1,1,1,1,0.158655253931457,0,0.067,NA,NA
Taar7f,10,24050414,14,15,0,1,1,1,1,0.158655253931457,0,0.067,NA,NA
Cenpw,10,30200459,13,14,2,0.83014,1,1,1,0.158655253931457,0,0.071,0,NA
Med16,10,79896801,12,16,1,0.53576,1,1,1,0.841344746068543,0,0.062,0,NA
Glt8d2,10,82660810,12,16,1,0.53261,1,1,1,0.841344746068543,0,0.062,0,NA
Ankrd52,10,128386138,13,16,0,0.1003,1,1,1,0.841344746068543,0,0.062,NA,NA
Gck,11,5909139,19,10,0,0.0993,1,1,1,0.158655253931457,0.053,0,NA,NA
Gck,11,5910370,19,10,0,0.09953,1,1,1,0.158655253931457,0.053,0,NA,NA
0610010F05Rik,11,23620214,19,10,0,0.10016,1,1,1,0.158655253931457,0.053,0,NA,NA
Spnb2,11,30142289,18,11,0,0.09734,1,1,1,0.158655253931457,0.056,0,NA,NA
Olfr1382,11,49535574,16,13,0,0.10231,1,1,1,0.158655253931457,0.062,0,NA,NA
Plekhh3,11,101163675,17,12,0,0.56349,1,1,1,0.158655253931457,0.059,0,NA,NA
Ccdc40,11,119264299,9,20,0,3e-04,1,1,1,0.0786496035251423,0,0.05,NA,NA
Dio2,12,90729843,13,14,2,0.6785,1,1,1,0.158655253931457,0,0.071,0,NA
Nme8,13,19677848,7,14,8,0.71274,1,1,1,1,0,0.071,0,NA
Foxf2,13,31626192,0,0,0,1,1,1,1,1,NA,NA,NA,NA
Spin1,13,51149012,7,15,7,0.55749,1,1,1,0.921350396474858,0,0.067,0,NA
2010111I01Rik,13,63190484,9,14,6,0.38817,1,1,1,1,0,0.071,0,NA
Vcan,13,89691261,10,15,4,0.11405,1,1,1,0.0786496035251423,0,0.067,0,NA
Exoc5,14,49036036,6,17,6,0.65191,1,1,1,0.921350396474858,0,0.059,0,NA
Olfr1508,14,52463212,6,16,7,0.80527,1,1,1,0.921350396474858,0,0.062,0,NA
Trmt12,15,58872894,13,14,2,0.6763,1,1,1,0.158655253931457,0,0.071,0,NA
Efr3a,15,65845981,6,17,6,0.38517,1,1,1,1,0,0.059,0,NA
Sbf1,15,89302498,5,16,8,0.78509,1,1,1,0.921350396474858,0,0.062,0,NA
Nell2,15,95432901,5,16,8,0.78682,1,1,1,0.921350396474858,0,0.062,0,NA
Igsf11,16,39008878,8,17,4,0.36356,1,1,1,0.0786496035251423,0,0.059,0,NA
Wdr52,16,44433422,8,18,3,0.19173,1,1,1,0.0786496035251423,0,0.056,0,NA
Phldb2,16,45770666,8,18,3,0.19221,1,1,1,0.0786496035251423,0,0.056,0,NA
Fam120b,17,15426184,8,14,7,0.55924,1,1,1,0.0786496035251423,0,0.071,0,NA
Ranbp3,17,56709272,10,19,0,1,1,1,1,0.841344746068543,0,0.053,NA,NA
Trip10,17,57261633,7,22,0,0.00021,1,1,1,0.0786496035251423,0.143,0,NA,NA
5730494M16Rik,18,25149185,17,12,0,0.17817,1,1,1,0.158655253931457,0,0.083,NA,NA
Ppargc1b,18,61315963,18,11,0,0.10074,1,1,1,0.158655253931457,0,0.091,NA,NA
Zfp91,19,12770470,15,14,0,1,1,1,1,0.841344746068543,0.067,0,NA,NA
Gbf1,19,46261792,14,15,0,1,1,1,1,0.841344746068543,0.071,0,NA,NA
Pdcd11,19,47110959,15,14,0,1,1,1,1,0.158655253931457,0.067,0,NA,NA
Tdrd1,19,56843198,16,12,1,0.93742,1,1,1,0.158655253931457,0.062,0,0,NA
Uty,Y,1197223,0,0,0,1,1,1,1,1,NA,NA,NA,NA
