Gene,chr,pos,REF,HET,VAR,lethal,additive,recessive,dominant,TDT,Penetrance_REF,Penetrance_HET,Penetrance_VAR,Semidominance,NMISS,lethalCount
Bag2,1,33746978,40,28,4,0.630186175229028,0.895079233530183,0.22033044331513,0.690009461728747,NA,NA,NA,NA,0,0,4:16:0:0
Dst,1,34271413,69,3,0,0.392695903778076,0.584475061869526,1,0.584475061869526,NA,NA,NA,NA,NA,0,0:0:0:7
Slc40a1,1,45912491,68,2,2,0.975511961049051,0.180518720032508,0.153468626069828,0.271171232213714,NA,NA,NA,NA,0.0867686822347108,0,2:6:3:8
Als2,1,59215565,68,2,2,0.975511961049051,0.180518720032508,0.153468626069828,0.271171232213714,NA,NA,NA,NA,0.0867686822347108,0,2:6:3:8
Crygf,1,65927997,70,2,0,0.392695903778076,0.55884132444576,1,0.55884132444576,NA,NA,NA,NA,NA,0,0:0:0:7
Ankar,1,72656221,65,6,1,0.4449462890625,0.301416201722075,0.726816099877204,0.271036378224335,NA,NA,NA,NA,1,0,1:7:0:0
Atg16l1,1,87781699,64,7,1,0.4449462890625,0.370101088357089,0.726816099877204,0.355886501696229,NA,NA,NA,NA,0.910294279485353,0,1:7:0:0
5730559C18Rik,1,136227618,71,1,0,0.392695903778076,0.436889234909228,1,0.436889234909228,NA,NA,NA,NA,NA,0,0:0:0:7
Ptprc,1,138073610,71,1,0,0.392695903778076,0.436889234909228,1,0.436889234909228,NA,NA,NA,NA,NA,0,0:0:0:7
Lamc2,1,153143876,64,6,2,0.525592803955078,0.381923638401168,0.754109705944716,0.319691884170546,NA,NA,NA,NA,1,0,2:10:0:0
Copa,1,172112137,45,24,3,0.225156047664314,0.196528858954064,0.497053381298301,0.0693804463100985,NA,NA,NA,NA,0,0,3:20:0:0
Plxna2,1,194751386,43,27,2,0.111344774744794,0.299722249402105,0.931585543821937,0.257872929217754,NA,NA,NA,NA,1,0,2:19:0:0
Frmd4a,2,4572387,71,1,0,0.98875218629837,0.512068600017179,1,0.512068600017179,NA,NA,NA,NA,NA,0,0:0:3:8
Cacna1b,2,24659003,68,4,0,0.771671693102689,0.204231279364266,1,0.204231279364266,NA,NA,NA,NA,NA,0,0:6:3:8
Tprn,2,25264321,47,23,2,0.600677490234375,0.195283240671572,0.000218530938013657,0.813325518627104,NA,NA,NA,NA,0,0,2:9:0:0
Npdc1,2,25408009,61,1,0,0.669921875,0.266815083540851,1,0.266815083540851,NA,NA,NA,NA,NA,10,0:0:0:3
1700026L06Rik,2,28693660,68,4,0,0.771671693102689,0.204231279364266,1,0.204231279364266,NA,NA,NA,NA,NA,0,0:6:3:8
Gm13547,2,29761584,68,4,0,0.392695903778076,0.734367700615349,1,0.734367700615349,NA,NA,NA,NA,NA,0,0:0:0:7
Hmcn2,2,31415236,49,21,2,0.455200910568237,0.221405952626733,0.00544543080202104,0.665489273508397,NA,NA,NA,NA,0,0,2:11:0:0
Prrc2b,2,32229255,61,6,5,0.990005493164063,0.464925572940555,0.571960782168232,0.465309535225694,NA,NA,NA,NA,0.72205380343718,0,5:9:0:0
Ttn,2,76768612,62,8,2,0.75640869140625,0.262029527282771,0.624035480867105,0.229387319921982,NA,NA,NA,NA,0.994123225592698,0,2:7:0:0
Tnks1bp1,2,85062630,64,7,1,0.533935546875,0.572850623286481,0.597015623646087,0.387802611741717,NA,NA,NA,NA,0,0,1:6:0:0
Olfr1212,2,88959043,46,20,6,0.470830904999427,0.884206725473692,0.328920717745927,0.715149439174965,NA,NA,NA,NA,0,0,6:27:0:0
Tcp11l1,2,104697505,68,4,0,0.253356448418344,0.391863791181236,1,0.391863791181236,NA,NA,NA,NA,NA,0,0:6:1:8
Kcna4,2,107295582,63,5,4,0.793961897492409,0.335469383447121,0.387162029483978,0.376397211944448,NA,NA,NA,NA,0.402400520721841,0,4:13:0:0
Plcb2,2,118717240,68,4,0,0.253356448418344,0.391863791181236,1,0.391863791181236,NA,NA,NA,NA,NA,0,0:6:1:8
Mga,2,119935422,42,26,4,0.158316330011462,0.634724256131935,0.558292314132478,0.759492722178559,NA,NA,NA,NA,0.124449455662075,0,4:27:0:0
Tmem87a,2,120359542,68,4,0,0.392695903778076,0.87495560746006,1,0.87495560746006,NA,NA,NA,NA,NA,0,0:0:0:7
Cdan1,2,120726045,63,5,4,0.793961897492409,0.335469383447121,0.387162029483978,0.376397211944448,NA,NA,NA,NA,0.402400520721841,0,4:13:0:0
Ttbk2,2,120777581,68,4,0,0.253356448418344,0.391863791181236,1,0.391863791181236,NA,NA,NA,NA,NA,0,0:6:1:8
Ap4e1,2,127049280,68,4,0,0.392695903778076,0.87495560746006,1,0.87495560746006,NA,NA,NA,NA,NA,0,0:0:0:7
Tm9sf4,2,153187365,66,6,0,1,0.581964333069266,1,0.581964333069266,NA,NA,NA,NA,NA,0,0:0:0:0
Gm1332,2,157095305,69,3,0,0.0611550047906349,0.393042135343977,1,0.393042135343977,NA,NA,NA,NA,NA,0,0:6:0:8
Plcg1,2,160753363,65,7,0,1,0.402993913613807,1,0.402993913613807,NA,NA,NA,NA,NA,0,0:0:0:0
Znfx1,2,167047654,65,7,0,1,0.288674371315434,1,0.288674371315434,NA,NA,NA,NA,NA,0,0:0:0:0
Myt1,2,181782615,65,7,0,1,0.399336326852438,1,0.399336326852438,NA,NA,NA,NA,NA,0,0:0:0:0
Cp,3,19971082,67,5,0,0.392695903778076,0.87102703312462,1,0.87102703312462,NA,NA,NA,NA,NA,0,0:0:0:7
Cpa3,3,20225194,69,1,2,0.953690052032471,0.480587298804002,0.552202281291901,0.463447492795214,NA,NA,NA,NA,0.9785505513743,0,0:0:2:7
Anxa5,3,36460488,68,4,0,0.932652771472931,0.761460092339719,1,0.761460092339719,NA,NA,NA,NA,NA,0,0:0:2:8
Lxn,3,67461002,49,23,0,0.0178179480135441,0.995977624012343,1,0.995977624012343,NA,NA,NA,NA,NA,0,0:14:0:0
Smc4,3,69022461,49,23,0,0.0178179480135441,0.995977624012343,1,0.995977624012343,NA,NA,NA,NA,NA,0,0:14:0:0
Gpr89,3,96897324,66,5,1,0.73828125,0.222958549655743,0.245550674677889,0.319132021851255,NA,NA,NA,NA,0.217092061727334,0,1:4:0:0
Rbm15,3,107330938,68,3,1,0.98875218629837,0.194466967468431,0.267138032598928,0.250378629784249,NA,NA,NA,NA,0.362194709286291,0,0:0:3:8
D3Bwg0562e,3,117323091,67,4,1,0.98875218629837,0.108807891240846,0.267138032598928,0.129555899627461,NA,NA,NA,NA,0.507301710129486,0,0:0:3:8
Ccdc109b,3,129918726,71,1,0,0.392695903778076,0.436889234909228,1,0.436889234909228,NA,NA,NA,NA,NA,0,0:0:0:7
Msh4,3,153896895,70,2,0,0.392695903778076,0.530327761150983,1,0.530327761150983,NA,NA,NA,NA,NA,0,0:0:0:7
Epha7,4,28821104,67,4,1,0.785391807556152,0.77638394230714,0.753978219165907,0.60955592852302,NA,NA,NA,NA,0,0,0:0:1:7
Nol6,4,41121115,68,4,0,0.392695903778076,0.953855034800811,1,0.953855034800811,NA,NA,NA,NA,NA,0,0:0:0:7
Gba2,4,43570424,65,6,1,0.244025230407715,0.210956280867834,0.245550674677889,0.303050291833307,NA,NA,NA,NA,0.218334104657167,0,1:10:0:0
Anks6,4,47033167,68,3,1,0.785391807556152,0.668758487428187,0.910759248995005,0.609214261491456,NA,NA,NA,NA,1,0,0:0:1:7
Acnat1,4,49451003,36,29,7,0.289705842157741,0.897972242958044,0.261544538546623,0.621160447279458,NA,NA,NA,NA,0,0,7:36:0:0
Tnc,4,64008734,63,8,1,0.126705408096313,0.228121029316659,0.245550674677889,0.331961724257394,NA,NA,NA,NA,0.178650942827088,0,1:13:0:0
Bnc2,4,84293196,66,6,0,1,0.559792263309168,1,0.559792263309168,NA,NA,NA,NA,NA,0,0:0:0:0
Adamtsl1,4,86418552,39,27,6,0.277871665382203,0.694105021135043,0.460306315472306,0.919727577359736,NA,NA,NA,NA,0,0,6:32:0:0
Cyp2j6,4,96526023,69,2,1,0.932652771472931,0.0704815644634903,0.267138032598928,0.0561660969967454,NA,NA,NA,NA,0.97702016787303,0,0:0:2:8
Inadl,4,98568987,69,2,1,0.98875218629837,0.0704815644634903,0.267138032598928,0.0561660969967454,NA,NA,NA,NA,0.97702016787303,0,0:0:3:8
C8b,4,104793380,37,26,9,0.736659037498346,0.669862948365581,0.589742916085032,0.810170646420154,NA,NA,NA,NA,0.0615390956991312,0,9:32:0:0
C8a,4,104856492,70,2,0,0.392695903778076,0.851633443021219,1,0.851633443021219,NA,NA,NA,NA,NA,0,0:0:0:7
Urod,4,116991276,66,6,0,1,0.317632846850159,1,0.317632846850159,NA,NA,NA,NA,NA,0,0:0:0:0
Rnf19b,4,129073551,69,3,0,0.392695903778076,0.739083118845865,1,0.739083118845865,NA,NA,NA,NA,NA,0,0:0:0:7
Snrnp40,4,130378043,32,35,5,0.0493835126475735,0.000750718572185183,2.34775361256096e-12,0.356885413151808,NA,NA,NA,NA,0,0,5:32:0:15
Pum1,4,130728104,69,3,0,0.392695903778076,0.739083118845865,1,0.739083118845865,NA,NA,NA,NA,NA,0,0:0:0:7
Mfn2,4,147885526,66,4,2,0.975511961049051,0.359632681552709,0.731985823777048,0.270799820339414,NA,NA,NA,NA,1,0,2:6:3:8
Ankib1,5,3772529,67,5,0,0.392695903778076,0.638523122068201,1,0.638523122068201,NA,NA,NA,NA,NA,0,0:0:0:7
4930548H24Rik,5,31485968,64,6,2,0.75640869140625,0.131043770287235,0.240257404562249,0.158743846329548,NA,NA,NA,NA,0.454973029934908,0,2:7:0:0
Slbp,5,33645489,64,6,2,0.75640869140625,0.131043770287235,0.240257404562249,0.158743846329548,NA,NA,NA,NA,0.454973029934908,0,2:7:0:0
G6pd2,5,61810171,68,2,2,0.953690052032471,0.575994151826236,0.55884132444576,0.639572210115592,NA,NA,NA,NA,0.170246070364064,0,0:0:2:7
Phox2b,5,67096214,68,2,2,0.953690052032471,0.575994151826236,0.55884132444576,0.639572210115592,NA,NA,NA,NA,0.170246070364064,0,0:0:2:7
Ugt2b5,5,87137365,40,25,7,0.72650621152923,0.0103978748838708,0.00720232181031724,0.0665015480373287,NA,NA,NA,NA,0.206126239570318,0,7:25:0:0
Ugt2b5,5,87139768,60,8,4,0.793961897492409,0.234348473802766,0.319341408687557,0.280270831048047,NA,NA,NA,NA,0.417541557374248,0,4:13:0:0
Slc4a4,5,89129641,68,2,2,0.953690052032471,0.575994151826236,0.55884132444576,0.639572210115592,NA,NA,NA,NA,0.170246070364064,0,0:0:2:7
Ptpn13,5,103489765,42,24,6,0.825124116017832,0.0124530409723186,0.00450745836690222,0.0921038525170112,NA,NA,NA,NA,0.148396015468023,0,6:19:0:0
Pptc7,5,122313591,69,1,2,0.953690052032471,0.489765207094833,0.55884132444576,0.472708596718973,NA,NA,NA,NA,1,0,0:0:2:7
Pitpnm2,5,124140517,41,27,4,0.465424290494411,0.145763237898276,0.908939623019179,0.0859547231185303,NA,NA,NA,NA,1,0,4:19:0:0
Rimbp2,5,128803861,67,4,1,0.771671693102689,0.404655023980222,0.267138032598928,0.583500174973333,NA,NA,NA,NA,0.0372364506029117,0,0:6:3:8
Cct6a,5,129791570,61,8,3,0.584252715110779,0.346375130023932,0.460541750086408,0.39094278165284,NA,NA,NA,NA,0.444359085411927,0,3:13:0:0
Gtf2ird2,5,134211242,46,23,3,0.584252715110779,0.353703900998288,0.92789833935569,0.288134172336921,NA,NA,NA,NA,1,0,3:13:0:0
Gtf2i,5,134261837,61,7,4,0.793961897492409,0.449629043957821,0.710174731287122,0.39094278165284,NA,NA,NA,NA,1,0,4:13:0:0
Cldn13,5,134914747,67,4,1,0.785391807556152,0.810933200530266,0.753978219165907,0.653808929928358,NA,NA,NA,NA,0,0,0:0:1:7
Fis1,5,136962194,61,7,4,0.793961897492409,0.449629043957821,0.710174731287122,0.39094278165284,NA,NA,NA,NA,1,0,4:13:0:0
Cnpy4,5,138192577,46,23,3,0.584252715110779,0.353703900998288,0.92789833935569,0.288134172336921,NA,NA,NA,NA,1,0,3:13:0:0
Sun1,5,139226699,68,4,0,0.343608915805817,0.857033587730493,1,0.857033587730493,NA,NA,NA,NA,NA,0,0:0:0:8
Gna12,5,140760883,46,23,3,0.584252715110779,0.451156786217459,0.92789833935569,0.39278519600743,NA,NA,NA,NA,1,0,3:13:0:0
Tecpr1,5,144207476,68,4,0,0.932652771472931,0.857033587730493,1,0.857033587730493,NA,NA,NA,NA,NA,0,0:0:2:8
Trrap,5,144816339,68,4,0,0.932652771472931,0.857033587730493,1,0.857033587730493,NA,NA,NA,NA,NA,0,0:0:2:8
Cyp3a11,5,145862452,68,4,0,0.932652771472931,0.857033587730493,1,0.857033587730493,NA,NA,NA,NA,NA,0,0:0:2:8
Asb15,6,24566164,65,6,1,0.244025230407715,0.857635267996762,0.597015623646087,0.667440546156482,NA,NA,NA,NA,0,0,1:10:0:0
Rbm28,6,29158928,67,5,0,0.253356448418344,0.613737005166832,1,0.613737005166832,NA,NA,NA,NA,NA,0,0:6:1:8
Zc3hc1,6,30372790,67,5,0,0.253356448418344,0.613737005166832,1,0.613737005166832,NA,NA,NA,NA,NA,0,0:6:1:8
Mkln1,6,31478018,67,5,0,0.253356448418344,0.613737005166832,1,0.613737005166832,NA,NA,NA,NA,NA,0,0:6:1:8
Olfr450,6,42818292,66,6,0,0.530010041518835,0.350048863388893,1,0.350048863388893,NA,NA,NA,NA,NA,0,0:6:2:8
Hspbp1,7,4684432,47,19,6,0.785781947601208,0.0666835397511557,0.666894575035085,0.0253472803564317,NA,NA,NA,NA,1,0,6:20:0:0
6330408A02Rik,7,13261026,47,19,6,0.785781947601208,0.0579544753832017,0.666894575035085,0.020263599708641,NA,NA,NA,NA,1,0,6:20:0:0
Zfp93,7,24275861,70,0,2,0.914762914224411,0.146140508235598,0.146140508235598,0.146140508235598,NA,NA,NA,NA,NA,0,2:6:2:8
Cyp2s1,7,25809258,65,4,3,0.775875091552734,0.526447519275965,0.894544899841442,0.380682724065551,NA,NA,NA,NA,1,0,3:10:0:0
Cyp2t4,7,27158246,67,3,2,0.953690052032471,0.890423085929424,0.913942663040793,0.89281175540747,NA,NA,NA,NA,0.595738907960439,0,0:0:2:7
BC024978,7,27202647,62,10,0,0.421875,0.255145005976223,1,0.255145005976223,NA,NA,NA,NA,NA,0,0:3:0:0
Ggn,7,29173022,70,1,1,0.771671693102689,0.172037768920909,0.318328973886114,0.146140508235598,NA,NA,NA,NA,1,0,1:6:2:8
Abpa,7,34021897,70,1,1,0.771671693102689,0.172037768920909,0.318328973886114,0.146140508235598,NA,NA,NA,NA,1,0,1:6:2:8
Vmn2r59,7,42058884,69,3,0,0.392695903778076,0.442008172271909,1,0.442008172271909,NA,NA,NA,NA,NA,0,0:0:0:7
Gm2381,7,42820080,65,4,3,0.775875091552734,0.32452162428599,0.263101951872753,0.460253314946482,NA,NA,NA,NA,0,0,3:10:0:0
Vsig10l,7,43464137,67,2,3,0.99376106262207,0.971550779249559,0.923128348485935,0.89281175540747,NA,NA,NA,NA,0,0,0:0:3:7
Klk1b9,7,43979372,67,2,3,0.99376106262207,0.971550779249559,0.923128348485935,0.89281175540747,NA,NA,NA,NA,0,0,0:0:3:7
Mrgprx2,7,48482918,63,9,0,0.421875,0.577430382564886,1,0.577430382564886,NA,NA,NA,NA,NA,0,0:3:0:0
Herc2,7,56113210,63,9,0,0.421875,0.577430382564886,1,0.577430382564886,NA,NA,NA,NA,NA,0,0:3:0:0
Fan1,7,64363199,67,2,3,0.99376106262207,0.971550779249559,0.923128348485935,0.89281175540747,NA,NA,NA,NA,0,0,0:0:3:7
Lrrk1,7,66292336,64,5,3,0.775875091552734,0.338810219248624,0.31194268816605,0.449383362523463,NA,NA,NA,NA,0.101190877119174,0,3:10:0:0
Lrrc28,7,67618085,63,9,0,0.421875,0.577430382564886,1,0.577430382564886,NA,NA,NA,NA,NA,0,0:3:0:0
Igf1r,7,68165155,69,2,1,0.785391807556152,0.477577111478427,0.685628101563732,0.442008172271909,NA,NA,NA,NA,1,0,0:0:1:7
Iqgap1,7,80723879,71,1,0,0.932652771472931,0.318328973886114,1,0.318328973886114,NA,NA,NA,NA,NA,0,0:0:2:8
Iqgap1,7,80736395,65,4,3,0.775875091552734,0.313288273219026,0.31194268816605,0.396150472167192,NA,NA,NA,NA,0.177358234646151,0,3:10:0:0
Ap3b2,7,81464629,45,18,9,0.970491086521519,0.355417953170072,0.966733905553293,0.166493821826668,NA,NA,NA,NA,1,0,9:22:0:0
Myo7a,7,98112150,68,3,1,0.785391807556152,0.869335977374706,0.753978219165907,0.953855034800811,NA,NA,NA,NA,0,0,0:0:1:7
Kcne3,7,100184439,68,3,1,0.785391807556152,0.869335977374706,0.753978219165907,0.953855034800811,NA,NA,NA,NA,0,0,0:0:1:7
Art5,7,102097957,68,2,2,0.953690052032471,0.406440439250946,0.396275252912555,0.482252393281429,NA,NA,NA,NA,0.185614674559079,0,0:0:2:7
Nup98,7,102152453,65,4,3,0.775875091552734,0.540389622873824,0.891606936241757,0.396150472167192,NA,NA,NA,NA,1,0,3:10:0:0
Olfr652,7,104564337,68,2,2,0.953690052032471,0.406440439250946,0.396275252912555,0.482252393281429,NA,NA,NA,NA,0.185614674559079,0,0:0:2:7
Olfr672,7,104996703,68,2,2,0.953690052032471,0.406440439250946,0.396275252912555,0.482252393281429,NA,NA,NA,NA,0.185614674559079,0,0:0:2:7
Olfr494,7,108367789,65,7,0,0.421875,0.54260026732664,1,0.54260026732664,NA,NA,NA,NA,NA,0,0:3:0:0
Olfr502,7,108523082,64,5,3,0.775875091552734,0.422726041344744,0.891606936241757,0.272774160924619,NA,NA,NA,NA,1,0,3:10:0:0
Trim66,7,109460695,47,19,6,0.92044274811633,0.318467267480331,0.895274444489548,0.155071154499188,NA,NA,NA,NA,1,0,6:16:0:0
Pik3c2a,7,116346247,65,7,0,0.421875,0.54260026732664,1,0.54260026732664,NA,NA,NA,NA,NA,0,0:3:0:0
Dnahc3,7,119967905,67,4,1,0.785391807556152,0.898594174943433,0.753978219165907,0.759153220495478,NA,NA,NA,NA,0,0,0:0:1:7
Prr14,7,127476643,68,4,0,0.932652771472931,0.250378629784249,1,0.250378629784249,NA,NA,NA,NA,NA,0,0:0:2:8
Tacc2,7,130625595,66,4,2,0.953690052032471,0.708625995026687,0.740115016347862,0.740090476604952,NA,NA,NA,NA,0.376329451034907,0,0:0:2:7
E030019B06Rik,7,139605655,59,12,1,0.533935546875,0.370253109457432,0.753548455640629,0.271659279214117,NA,NA,NA,NA,0,0,1:6:0:0
Lrdd,7,141440813,60,11,1,0.533935546875,0.492013559191119,0.753548455640629,0.380188813272917,NA,NA,NA,NA,0,0,1:6:0:0
Sugp1,8,70052638,65,4,3,0.771671693102689,0.507426049396434,0.556176433190051,0.541472388590023,NA,NA,NA,NA,0.451175959619806,0,3:6:0:8
Arhgap10,8,77450824,65,4,3,0.771671693102689,0.507426049396434,0.556176433190051,0.541472388590023,NA,NA,NA,NA,0.451175959619806,0,3:6:0:8
Usp38,8,81014150,68,4,0,0.392695903778076,0.609214261491456,1,0.609214261491456,NA,NA,NA,NA,NA,0,0:0:0:7
Slc6a2,8,92992801,69,3,0,0.392695903778076,0.606412795108126,1,0.606412795108126,NA,NA,NA,NA,NA,0,0:0:0:7
Gpr114,8,94934157,64,8,0,0.421875,0.132228481745568,1,0.132228481745568,NA,NA,NA,NA,NA,0,0:3:0:0
Fam65a,8,105618114,63,5,4,0.921873092651367,0.682969024882443,0.933146691943989,0.489257776537095,NA,NA,NA,NA,0,0,4:10:0:0
Pkd1l3,8,109623649,63,8,1,0.244025230407715,0.578568622822594,0.895862196884165,0.489257776537095,NA,NA,NA,NA,0,0,1:10:0:0
Osgin1,8,119445472,63,4,5,0.98027229309082,0.653605793042237,0.950773112925619,0.489257776537095,NA,NA,NA,NA,1,0,5:10:0:0
1300018I17Rik,8,123246748,48,23,1,0.0634764397982508,0.550749060110233,0.98366414008181,0.520158769395058,NA,NA,NA,NA,1,0,1:16:0:0
Mmp13,9,7274032,67,4,1,0.785391807556152,0.793437589414696,0.753978219165907,0.629534126156344,NA,NA,NA,NA,0,0,0:0:1:7
Mmp13,9,7282077,68,4,0,0.392695903778076,0.873378329549468,1,0.873378329549468,NA,NA,NA,NA,NA,0,0:0:0:7
Prkcsh,9,22010251,68,2,2,0.530010041518835,0.823478464513715,0.807279960767178,0.857033587730493,NA,NA,NA,NA,0.000615711114305751,0,2:6:0:8
Igsf9b,9,27334582,68,2,2,0.530010041518835,0.823478464513715,0.807279960767178,0.857033587730493,NA,NA,NA,NA,0.000615711114305751,0,2:6:0:8
Pus3,9,35566422,67,3,2,0.975511961049051,0.579674919937103,0.807279960767178,0.503285381160888,NA,NA,NA,NA,1,0,2:6:3:8
CT025680.2,9,39046700,60,9,3,0.775875091552734,0.387247114211042,0.863761910317347,0.29091300646312,NA,NA,NA,NA,1,0,3:10:0:0
Dscaml1,9,45732134,69,3,0,0.392695903778076,0.907193218790001,1,0.907193218790001,NA,NA,NA,NA,NA,0,0:0:0:7
2010321M09Rik,9,64983990,68,3,1,0.530010041518835,0.605250659330648,0.318413950468481,0.857033587730493,NA,NA,NA,NA,0,0,1:6:1:8
Rbpms2,9,65651666,35,28,9,0.663967005547416,0.50689026595515,0.611662322285792,0.206288783604319,NA,NA,NA,NA,0,0,9:34:0:0
C2cd4a,9,67831563,68,2,2,0.953690052032471,0.990343539511857,0.913942663040793,0.953855034800811,NA,NA,NA,NA,0,0,0:0:2:7
Scg3,9,75669335,61,8,3,0.929443359375,0.494182253683812,0.831365323614859,0.419722742531429,NA,NA,NA,NA,1,0,3:7:0:0
Col12a1,9,79693494,69,1,2,0.771671693102689,0.825281140250645,0.999008835602219,0.701832851024187,NA,NA,NA,NA,1,0,2:6:1:8
Ctsh,9,90061582,67,4,1,0.785391807556152,0.900199467751154,0.958197725652966,0.89281175540747,NA,NA,NA,NA,1,0,0:0:1:7
2610101N10Rik,9,95484443,67,3,2,0.771671693102689,0.944933604391983,0.807279960767178,0.796501629623567,NA,NA,NA,NA,0,0,2:6:1:8
Nphp3,9,104018274,65,6,1,0.785391807556152,0.512010251154118,0.436889234909228,0.635167802977311,NA,NA,NA,NA,0.117262080416084,0,0:0:1:7
Camp,9,109848399,65,3,4,0.975511961049051,0.637253812499342,0.824695923277077,0.541472388590023,NA,NA,NA,NA,1,0,4:6:1:8
Susd5,9,114082535,61,9,2,0.75640869140625,0.243903137913725,0.725742082834791,0.196023178524429,NA,NA,NA,NA,1,0,2:7:0:0
Acaa1a,9,119347818,66,5,1,0.785391807556152,0.517155766090766,0.436889234909228,0.643326512207642,NA,NA,NA,NA,0.106240710787377,0,0:0:1:7
H60c,10,3260435,68,4,0,0.343608915805817,0.962988213329318,1,0.962988213329318,NA,NA,NA,NA,NA,0,0:0:0:8
Lats1,10,7712528,43,25,4,0.158316330011462,0.241116342059672,0.463237903676644,0.278706340263361,NA,NA,NA,NA,0.490749197130993,0,4:27:0:0
Tab2,10,7919801,69,3,0,0.392695903778076,0.714942902021165,1,0.714942902021165,NA,NA,NA,NA,NA,0,0:0:0:7
Sgk1,10,21882657,64,5,3,0.775875091552734,0.946425653700347,0.829191441454776,0.807319697520885,NA,NA,NA,NA,0,0,3:10:0:0
Samd3,10,26244495,68,4,0,0.392695903778076,0.727652673523702,1,0.727652673523702,NA,NA,NA,NA,NA,0,0:0:0:7
Lama2,10,27015546,67,5,0,0.343608915805817,0.583500174973333,1,0.583500174973333,NA,NA,NA,NA,NA,0,0:0:0:8
Bcr,10,75145327,66,6,0,0.343608915805817,0.281808276123384,1,0.281808276123384,NA,NA,NA,NA,NA,0,0:0:0:8
Lrrc3,10,77901585,50,19,3,0.305689170607366,0.884845169749754,0.28707629007871,0.52065682678466,NA,NA,NA,NA,0,0,3:18:0:0
1810043G02Rik,10,77983038,50,19,3,0.305689170607366,0.884845169749754,0.28707629007871,0.52065682678466,NA,NA,NA,NA,0,0,3:18:0:0
1810043G02Rik,10,77984547,50,19,3,0.305689170607366,0.884845169749754,0.28707629007871,0.52065682678466,NA,NA,NA,NA,0,0,3:18:0:0
Gm872,10,92885096,65,6,1,0.785391807556152,0.595478067540266,0.685628101563732,0.635167802977311,NA,NA,NA,NA,0.358664436428206,0,0:0:1:7
Ikzf4,10,128632756,68,4,0,0.343608915805817,0.968873103015704,1,0.968873103015704,NA,NA,NA,NA,NA,0,0:0:0:8
Ascc2,11,4649855,67,5,0,0.392695903778076,0.522500703454324,1,0.522500703454324,NA,NA,NA,NA,NA,0,0:0:0:7
Ccdc88a,11,29482749,68,4,0,0.392695903778076,0.51203536036002,1,0.51203536036002,NA,NA,NA,NA,NA,0,0:0:0:7
Lcp2,11,34082426,68,4,0,0.392695903778076,0.51203536036002,1,0.51203536036002,NA,NA,NA,NA,NA,0,0:0:0:7
Gabrg2,11,41916315,68,4,0,0.736304819583893,0.38260184937164,1,0.38260184937164,NA,NA,NA,NA,NA,0,0:0:1:8
Pwwp2a,11,43704672,68,4,0,0.736304819583893,0.38260184937164,1,0.38260184937164,NA,NA,NA,NA,NA,0,0:0:1:8
Hspa4,11,53262876,48,20,4,0.283212349567194,0.606175300798422,0.218771184548748,0.206873853094644,NA,NA,NA,NA,0,0,4:23:0:0
Slc36a3,11,55125080,67,5,0,0.392695903778076,0.653808929928358,1,0.653808929928358,NA,NA,NA,NA,NA,0,0:0:0:7
Spag7,11,70669190,67,5,0,0.736304819583893,0.803005014428707,1,0.803005014428707,NA,NA,NA,NA,NA,0,0:0:1:8
Atp2a3,11,72982702,67,5,0,0.736304819583893,0.803005014428707,1,0.803005014428707,NA,NA,NA,NA,NA,0,0:0:1:8
Hdac5,11,102205812,68,4,0,0.392695903778076,0.609214261491456,1,0.609214261491456,NA,NA,NA,NA,NA,0,0:0:0:7
Fam171a2,11,102437881,68,4,0,0.392695903778076,0.609214261491456,1,0.609214261491456,NA,NA,NA,NA,NA,0,0:0:0:7
Dnahc17,11,118067682,67,5,0,0.392695903778076,0.624906555345273,1,0.624906555345273,NA,NA,NA,NA,NA,0,0:0:0:7
Hexdc,11,121218165,70,2,0,0.343608915805817,0.96571758784209,1,0.96571758784209,NA,NA,NA,NA,NA,0,0:0:0:8
Akap6,12,52937148,68,3,1,0.785391807556152,0.772058112311964,0.910759248995005,0.74353584471815,NA,NA,NA,NA,1,0,0:0:1:7
Brms1l,12,55861388,52,20,0,0.0237572640180588,0.792888084552128,1,0.792888084552128,NA,NA,NA,NA,NA,0,0:13:0:0
Ctage5,12,59136143,69,3,0,0.392695903778076,0.929612175243787,1,0.929612175243787,NA,NA,NA,NA,NA,0,0:0:0:7
Fkbp3,12,65073918,69,3,0,0.392695903778076,0.929612175243787,1,0.929612175243787,NA,NA,NA,NA,NA,0,0:0:0:7
4930447C04Rik,12,72910056,66,6,0,0.421875,0.544005957705869,1,0.544005957705869,NA,NA,NA,NA,NA,0,0:3:0:0
Pcnx,12,81974579,70,1,1,0.736304819583893,0.142441963745904,0.267138032598928,0.126378901907738,NA,NA,NA,NA,0.915481573349191,0,0:0:1:8
Ncapg2,12,116423215,41,29,2,0.0207419790656728,0.45128265940669,0.378629594725995,0.258840750368053,NA,NA,NA,NA,0,0,2:27:0:0
Nme8,13,19658036,67,3,2,0.953690052032471,0.615481109171356,0.523863375506121,0.738211277454746,NA,NA,NA,NA,0,0,0:0:2:7
Hist1h4i,13,22041027,67,3,2,0.953690052032471,0.615481109171356,0.523863375506121,0.738211277454746,NA,NA,NA,NA,0,0,0:0:2:7
Vmn1r213,13,23011394,64,8,0,1,0.620932897529951,1,0.620932897529951,NA,NA,NA,NA,NA,0,0:0:0:0
Serpinb6c,13,33880031,68,4,0,0.392695903778076,0.899540639799439,1,0.899540639799439,NA,NA,NA,NA,NA,0,0:0:0:7
Tmem161b,13,84292383,69,3,0,0.932652771472931,0.701832851024187,1,0.701832851024187,NA,NA,NA,NA,NA,0,0:0:2:8
Rasgrf2,13,91972274,67,5,0,0.392695903778076,0.887784602608347,1,0.887784602608347,NA,NA,NA,NA,NA,0,0:0:0:7
Papd4,13,93154992,51,16,5,0.378278511637607,0.0824396362221366,0.00598817534982538,0.42106566234089,NA,NA,NA,NA,0,0,5:25:0:0
Zfp366,13,99234251,69,3,0,0.343608915805817,0.701832851024187,1,0.701832851024187,NA,NA,NA,NA,NA,0,0:0:0:8
Depdc1b,13,108323909,63,7,2,0.83056640625,0.710382017189484,0.800130493254889,0.719736274955049,NA,NA,NA,NA,0.491235656062173,0,2:6:0:0
Flnb,14,7946014,69,3,0,0.932652771472931,0.709857389671387,1,0.709857389671387,NA,NA,NA,NA,NA,0,0:0:2:8
Chd8,14,52202304,62,8,2,0.94921875,0.0960691960333959,0.162230707053895,0.145866865955663,NA,NA,NA,NA,0.326417153780008,0,2:4:0:0
Msra,14,64210532,67,4,1,0.785391807556152,0.77638394230714,0.753978219165907,0.60955592852302,NA,NA,NA,NA,0,0,0:0:1:7
Kif13b,14,64757404,66,4,2,0.530010041518835,0.434621887801043,0.991032248974255,0.270799820339414,NA,NA,NA,NA,1,0,2:6:0:8
Tnfrsf10b,14,69776176,65,6,1,0.300338745117188,0.896256287526228,0.734630149790551,0.764757476602514,NA,NA,NA,NA,0,0,1:9:0:0
Rhobtb2,14,69796735,66,4,2,0.530010041518835,0.434621887801043,0.991032248974255,0.270799820339414,NA,NA,NA,NA,1,0,2:6:0:8
Polr3d,14,70439519,43,21,8,0.553251449191385,0.18344906214782,0.36183754476117,0.012931760317026,NA,NA,NA,NA,0,0,8:33:0:0
Zfp957,14,79212920,68,4,0,0.392695903778076,0.959448098846374,1,0.959448098846374,NA,NA,NA,NA,NA,0,0:0:0:7
Trim52,14,106106967,67,5,0,0.392695903778076,0.887784602608347,1,0.887784602608347,NA,NA,NA,NA,NA,0,0:0:0:7
Ubr5,15,38030807,60,6,6,0.975709855556488,0.191177186104251,0.252984630596529,0.216603458679301,NA,NA,NA,NA,0.476479162782829,0,6:13:0:0
Sybu,15,44673268,67,5,0,1,0.565378910771567,1,0.565378910771567,NA,NA,NA,NA,NA,0,0:0:0:0
Plec,15,76173411,66,6,0,0.392695903778076,0.629269786106763,1,0.629269786106763,NA,NA,NA,NA,NA,0,0:0:0:7
Tnrc6b,15,80784758,62,5,5,0.919787406921386,0.410284219176589,0.685356690302561,0.315645645690002,NA,NA,NA,NA,1,0,5:13:0:0
Lrrk2,15,91796028,68,4,0,0.392695903778076,0.51203536036002,1,0.51203536036002,NA,NA,NA,NA,NA,0,0:0:0:7
Adamts20,15,94291713,45,22,5,0.422155201823951,0.533758463650281,0.731611442624171,0.536375728945005,NA,NA,NA,NA,0.68678289311544,0,5:24:0:0
Arid2,15,96402049,64,6,2,0.332601696252823,0.73130415482051,0.905071084312313,0.694001353533353,NA,NA,NA,NA,1,0,2:13:0:0
Mll2,15,98853581,68,4,0,0.392695903778076,0.51203536036002,1,0.51203536036002,NA,NA,NA,NA,NA,0,0:0:0:7
Prpf40b,15,99316289,68,4,0,0.392695903778076,0.51203536036002,1,0.51203536036002,NA,NA,NA,NA,NA,0,0:0:0:7
5430421N21Rik,15,101487040,66,6,0,1,0.382077399010577,1,0.382077399010577,NA,NA,NA,NA,NA,0,0:0:0:0
Krt71,15,101738070,69,3,0,0.736304819583893,0.505251543221612,1,0.505251543221612,NA,NA,NA,NA,NA,0,0:0:1:8
Krt18,15,102029485,66,6,0,1,0.382077399010577,1,0.382077399010577,NA,NA,NA,NA,NA,0,0:0:0:0
Prr13,15,102462215,66,6,0,1,0.382077399010577,1,0.382077399010577,NA,NA,NA,NA,NA,0,0:0:0:0
Zc3h7a,16,11156202,67,5,0,0.932652771472931,0.791540332283229,1,0.791540332283229,NA,NA,NA,NA,NA,0,0:0:2:8
Atp13a5,16,29298208,68,4,0,0.392695903778076,0.748970969766783,1,0.748970969766783,NA,NA,NA,NA,NA,0,0:0:0:7
Ccdc14,16,34721649,68,4,0,0.392695903778076,0.748970969766783,1,0.748970969766783,NA,NA,NA,NA,NA,0,0:0:0:7
Gpr128,16,56742589,65,4,3,0.99376106262207,0.787372596373771,0.923128348485935,0.635167802977311,NA,NA,NA,NA,0,0,0:0:3:7
Pde10a,17,8942965,64,7,1,0.244025230407715,0.375458367688766,0.889363666659427,0.321989592819831,NA,NA,NA,NA,1,0,1:10:0:0
Syngr3,17,24686581,41,24,7,0.6851541721671,0.0204206079655845,0.00741795531115128,0.13021088202247,NA,NA,NA,NA,0.134525286812646,0,7:26:0:0
Tead3,17,28341365,69,3,0,0.253356448418344,0.709857389671387,1,0.709857389671387,NA,NA,NA,NA,NA,0,0:6:1:8
Hsf2bp,17,32013346,65,6,1,0.785391807556152,0.771765350494372,0.753978219165907,0.635167802977311,NA,NA,NA,NA,0,0,0:0:1:7
Tdrd6,17,43628159,64,8,0,0.0563135147094727,0.321989592819831,1,0.321989592819831,NA,NA,NA,NA,NA,0,0:10:0:0
Efhb,17,53413459,66,4,2,0.953690052032471,0.779848917478634,0.885300166846438,0.629269786106763,NA,NA,NA,NA,0,0,0:0:2:7
Ranbp3,17,56702896,65,5,2,0.953690052032471,0.77386610657581,0.885300166846438,0.635167802977311,NA,NA,NA,NA,0,0,0:0:2:7
Ankrd12,17,66053009,68,4,0,0.530010041518835,0.210258632964086,1,0.210258632964086,NA,NA,NA,NA,NA,0,0:6:2:8
Lama1,17,67752368,65,5,2,0.953690052032471,0.77386610657581,0.885300166846438,0.635167802977311,NA,NA,NA,NA,0,0,0:0:2:7
L3mbtl4,17,68774291,61,9,2,0.75640869140625,0.222733003829117,0.351003184111087,0.27771425303864,NA,NA,NA,NA,0.371796183779808,0,2:7:0:0
Dsg1c,18,20272346,70,2,0,0.392695903778076,0.523863375506121,1,0.523863375506121,NA,NA,NA,NA,NA,0,0:0:0:7
Sema6a,18,47290045,63,8,1,0.126705408096313,0.486406215796209,0.889363666659427,0.449251470560943,NA,NA,NA,NA,1,0,1:13:0:0
Fbn2,18,58037747,68,4,0,0.392695903778076,0.482252393281429,1,0.482252393281429,NA,NA,NA,NA,NA,0,0:0:0:7
Synpo,18,60602340,62,10,0,1,0.192684996352237,1,0.192684996352237,NA,NA,NA,NA,NA,0,0:0:0:0
Pdgfrb,18,61079708,62,10,0,1,0.192684996352237,1,0.192684996352237,NA,NA,NA,NA,NA,0,0:0:0:0
Afg3l2,18,67415557,62,10,0,1,0.192684996352237,1,0.192684996352237,NA,NA,NA,NA,NA,0,0:0:0:0
Skor2,18,76876560,63,7,2,0.332601696252823,0.698860216976773,0.897738049840892,0.571267085904363,NA,NA,NA,NA,0,0,2:13:0:0
Lipo1,19,33582042,52,19,1,0.300338745117188,0.683702779763052,0.943964339300214,0.645522693777491,NA,NA,NA,NA,0,0,1:9:0:0
Huwe1,X,151876313,61,8,3,0.584252715110779,0.446460984132012,0.454643874190892,0.537430757189622,NA,NA,NA,NA,0.1646486631227,0,3:13:0:0
1700020N15Rik,X,69945785,61,5,4,0.885373592376709,0.37188330108568,0.215041155313457,0.618436326089039,NA,NA,NA,NA,0,2,4:11:0:0
